{
    "name": "Powder Power",
    "icon": "powder_power:sword_trilium",
    "category": "patchouli:mods",
    "sortnum": 1,
    "pages": [
        {
            "type": "text",
            "text": "Powder Power allows you to create new alloys from existing Minecraft materials like Redstone, Lapis, Iron, Gold, Diamond, etc. There are (4) new alloys to make that have stats beyond diamond. It lets you get the most out of what is already in Minecraft..$(li)$(l:https://www.curseforge.com/minecraft/mc-mods/powder-power)Curseforge page$(/l) lots of information.$(li)$(l:https://discord.gg/j7bYbkW)Discord$(/l)$()$(br)The following pages show material progression."
        },{
            "type": "crafting",
            "recipe": "powder_power:blend_redium",
            "recipe2": "powder_power:blend_lapium"
        },{
            "type": "crafting",
            "recipe": "powder_power:blend_gemium",
            "recipe2": "powder_power:blend_trilium"
        },{
            "type": "crafting",
            "recipe": "powder_power:blend_quadrilium"
        }
    ]
}